vehicle,ride,pos,speed_labels_zero,direction_labels_zero,longitude_abs_labels_zero,longitude_labels_zero,longitude_dir_labels_zero,latitude_abs_labels_zero,latitude_labels_zero,latitude_dir_labels_zero,distance_labels_zero,speed_alternative_labels_zero,x_speed_alternative_labels_zero,x_speed_no_abs_alternative_labels_zero,y_speed_alternative_labels_zero,y_speed_no_abs_alternative_labels_zero,direction_alternative_labels_zero,direction_abs_alternative_labels_zero,speed_labels_max,direction_labels_max,longitude_abs_labels_max,longitude_labels_max,longitude_dir_labels_max,latitude_abs_labels_max,latitude_labels_max,latitude_dir_labels_max,distance_labels_max,speed_alternative_labels_max,x_speed_alternative_labels_max,x_speed_no_abs_alternative_labels_max,y_speed_alternative_labels_max,y_speed_no_abs_alternative_labels_max,direction_alternative_labels_max,direction_abs_alternative_labels_max
Vehicle_11,8565218,0,False,True,False,False,True,False,False,True,True,False,False,False,False,False,False,False,False,True,False,False,True,False,False,True,True,False,False,False,False,False,False,False
Vehicle_11,8565218,1,False,False,False,False,True,True,True,True,False,True,False,False,False,False,True,True,False,False,False,False,True,True,True,True,False,True,False,False,False,False,True,True
Vehicle_11,8565218,2,False,True,False,False,False,False,True,False,False,True,True,True,False,True,True,True,False,True,False,False,False,False,True,False,False,False,True,True,False,True,True,True
Vehicle_11,8565218,3,False,False,False,False,False,False,False,False,False,True,False,True,False,True,True,True,False,False,False,False,False,False,False,False,False,False,False,True,False,True,False,False
Vehicle_11,8565218,4,False,True,False,True,False,False,False,True,True,True,False,True,False,True,False,False,False,True,False,True,False,False,False,True,True,False,False,True,False,True,False,False
Vehicle_11,8565218,5,True,True,False,False,False,False,False,False,False,True,False,False,False,False,True,False,True,True,False,False,False,False,False,False,False,False,False,False,False,False,True,False
Vehicle_11,8565218,6,False,True,True,True,False,False,False,False,True,True,True,True,False,True,False,False,False,False,True,True,False,False,False,False,True,False,True,True,False,True,False,False
Vehicle_11,8565218,7,False,True,False,False,False,False,False,False,False,True,True,True,False,True,True,True,False,True,False,False,False,False,False,False,False,False,True,False,False,True,True,True
Vehicle_11,8565218,8,False,True,False,False,False,False,False,False,False,True,True,False,False,False,True,False,False,True,False,False,False,False,False,False,False,False,True,False,False,False,False,False
Vehicle_11,8565218,9,False,True,False,False,False,False,False,False,False,True,False,False,False,False,True,False,False,True,False,False,False,False,False,False,False,False,False,False,False,False,True,False
Vehicle_11,8565218,10,True,False,True,True,False,False,False,False,True,True,False,False,False,False,True,False,True,False,True,True,False,False,False,False,True,False,False,False,False,False,True,False
Vehicle_11,8565218,11,False,True,False,False,False,False,False,True,False,True,True,True,False,True,True,False,False,True,False,False,False,False,False,True,False,False,True,True,False,True,True,False
Vehicle_11,8565218,12,False,True,False,False,False,True,True,False,True,True,True,False,True,True,True,True,False,False,False,False,False,True,True,False,True,False,False,False,True,False,True,True
Vehicle_11,8565218,13,False,True,False,False,False,False,False,False,False,True,True,True,False,True,True,True,False,True,False,False,False,False,False,False,False,False,False,True,False,True,False,True
Vehicle_11,8565218,14,False,True,True,True,False,True,True,False,False,True,True,True,True,True,True,True,False,False,True,True,False,True,True,False,False,False,True,False,True,True,True,True
Vehicle_11,8565218,15,False,True,False,False,False,False,False,False,False,True,True,True,True,True,True,True,False,False,False,False,False,False,False,False,False,False,True,False,True,False,False,True
Vehicle_11,8565218,16,False,True,False,False,False,False,False,False,True,True,True,True,False,True,True,True,False,False,False,False,False,False,False,False,True,False,True,True,False,True,False,True
Vehicle_11,8565218,17,False,True,False,False,False,False,False,False,False,True,True,True,False,False,True,True,False,False,False,False,False,False,False,False,False,False,True,True,False,False,True,True
Vehicle_11,8565218,18,False,True,False,False,False,False,False,False,False,True,True,True,True,True,True,True,False,False,False,False,False,False,False,False,False,False,True,True,True,True,False,True
Vehicle_11,8565218,19,False,True,False,True,False,False,False,False,False,True,False,False,False,False,True,True,False,False,False,True,False,False,False,False,False,False,False,False,False,False,True,True
Vehicle_11,8565218,20,False,True,False,False,False,True,True,False,True,True,True,True,True,True,True,True,False,True,False,False,False,True,True,False,True,False,True,True,True,True,False,True
Vehicle_11,8565218,21,True,True,False,False,True,False,True,False,False,True,False,False,False,False,True,False,True,False,False,False,True,False,True,False,False,False,False,False,False,False,True,False
Vehicle_11,8565218,22,False,True,False,False,False,True,True,False,True,True,False,True,True,True,False,False,False,True,False,False,False,True,True,False,True,False,False,True,True,True,False,False
Vehicle_11,8565218,23,False,True,False,True,False,False,False,False,False,True,True,False,False,True,True,True,False,True,False,True,False,False,False,False,False,False,True,False,False,True,True,True
Vehicle_11,8565218,24,False,True,False,False,False,True,True,False,False,True,True,False,True,False,True,True,False,True,False,False,False,True,True,False,False,False,True,False,True,False,True,False
Vehicle_11,8565218,25,False,True,False,False,False,False,False,False,False,True,False,True,True,True,False,False,False,True,False,False,False,False,False,False,False,False,False,True,False,True,False,False
Vehicle_11,8565218,26,False,True,False,False,False,False,False,False,False,True,False,True,True,True,True,True,False,True,False,False,False,False,False,False,False,False,False,True,True,True,True,True
Vehicle_11,8565218,27,True,True,False,False,False,False,False,False,True,True,False,False,True,False,True,False,True,False,False,False,False,False,False,False,True,False,False,False,True,False,True,False
Vehicle_11,8565218,28,False,False,False,False,False,False,False,False,False,True,False,True,False,False,False,False,False,False,False,False,False,False,False,False,False,False,False,True,False,False,False,False
Vehicle_11,8565218,29,False,False,False,False,False,False,False,False,False,True,True,False,False,True,True,False,False,False,False,False,False,False,False,False,False,False,True,False,False,True,True,False
Vehicle_11,8565218,30,False,False,False,False,False,False,False,False,False,True,False,False,False,False,True,True,False,False,False,False,False,False,False,False,False,False,False,False,False,False,True,True
Vehicle_11,8565218,31,False,False,False,False,False,False,False,False,False,True,False,False,False,False,True,True,False,False,False,False,False,False,False,False,False,False,False,False,False,False,True,True
Vehicle_11,8565218,32,False,False,False,False,False,False,False,False,False,True,False,False,False,False,True,True,False,False,False,False,False,False,False,False,False,False,False,False,False,False,True,True
Vehicle_11,8565218,33,False,False,False,False,False,False,False,False,False,True,False,False,False,False,False,False,False,False,False,False,False,False,False,False,False,False,False,False,False,False,False,False
Vehicle_11,8565218,34,False,False,False,False,False,False,False,False,False,True,False,False,False,False,False,False,False,False,False,False,False,False,False,False,False,False,False,False,False,False,False,False
Vehicle_11,8565218,35,False,False,False,False,False,False,False,False,False,True,False,False,True,False,True,True,False,False,False,False,False,False,False,False,False,False,False,False,True,False,True,True
Vehicle_11,8565218,36,False,False,False,False,False,False,False,False,False,True,True,False,False,True,True,True,False,False,False,False,False,False,False,False,False,False,True,False,False,True,False,True
Vehicle_11,8565218,37,False,False,False,False,False,False,False,False,False,True,True,True,False,True,True,True,False,False,False,False,False,False,False,False,False,False,True,True,False,True,True,True
Vehicle_11,8565218,38,False,True,False,False,False,False,False,False,False,True,False,True,False,False,True,True,False,True,False,False,False,False,False,False,False,False,False,True,False,False,True,True
Vehicle_11,8565218,39,False,False,False,False,False,False,False,False,False,True,False,True,False,False,True,False,False,False,False,False,False,False,False,False,False,False,False,True,False,False,True,False
Vehicle_11,8565218,40,False,True,False,False,True,False,False,False,False,True,False,False,True,False,True,False,False,True,False,False,True,False,False,False,False,False,False,False,True,False,True,False
Vehicle_11,8565218,41,False,True,False,False,False,False,False,False,False,True,False,True,True,True,True,True,False,True,False,False,False,False,False,False,False,False,False,True,True,True,True,True
Vehicle_11,8565218,42,False,True,False,False,False,False,False,False,False,True,True,True,True,True,True,False,False,True,False,False,False,False,False,False,False,False,True,False,True,False,True,False
Vehicle_11,8565218,43,False,True,False,False,False,False,False,False,False,True,False,False,True,False,False,False,False,False,False,False,False,False,False,False,False,False,False,False,True,False,False,False
Vehicle_11,8565218,44,False,False,False,False,False,False,False,False,False,True,False,True,False,False,False,False,False,False,False,False,False,False,False,False,False,False,False,True,False,False,False,False
Vehicle_11,8565218,45,False,True,False,False,False,False,False,False,False,True,True,False,False,False,True,True,False,True,False,False,False,False,False,False,False,False,True,False,False,False,True,True
Vehicle_11,8565218,46,False,False,False,False,False,False,False,False,False,True,False,False,False,True,False,False,False,False,False,False,False,False,False,False,False,False,False,False,False,True,False,False
Vehicle_11,8565218,47,False,True,False,False,False,False,False,False,False,True,False,True,False,True,False,False,False,False,False,False,False,False,False,False,False,False,False,True,False,True,False,False
Vehicle_11,8565218,48,False,True,False,False,False,False,False,False,False,True,False,False,False,True,False,False,False,True,False,False,False,False,False,False,False,False,False,False,False,False,False,False
Vehicle_11,8565218,49,False,True,False,False,False,False,True,False,False,True,False,True,False,False,True,True,False,True,False,False,False,False,True,False,False,False,False,True,False,False,True,True
Vehicle_11,8565218,50,False,True,False,False,False,False,False,False,False,True,False,False,False,True,False,False,False,True,False,False,False,False,False,False,False,False,False,False,False,True,False,False
Vehicle_11,8565218,51,False,False,False,False,False,False,False,False,False,True,True,False,True,True,True,True,False,False,False,False,False,False,False,False,False,False,True,False,True,True,True,True
Vehicle_11,8565218,52,False,True,False,False,False,False,False,False,False,True,False,False,False,True,False,False,False,True,False,False,False,False,False,False,False,False,False,False,False,True,False,False
Vehicle_11,8565218,53,False,False,False,False,False,False,False,False,False,True,True,True,False,True,False,False,False,False,False,False,False,False,False,False,False,False,True,True,False,False,False,False
Vehicle_11,8565218,54,False,False,False,False,False,False,False,False,False,True,False,False,True,True,False,False,False,False,False,False,False,False,False,False,False,False,False,False,True,True,False,False
Vehicle_11,8565218,55,False,True,False,False,False,False,False,False,False,True,False,True,False,False,True,False,False,True,False,False,False,False,False,False,False,False,False,True,False,False,True,False
Vehicle_11,8565218,56,False,False,False,False,False,False,False,False,False,True,False,False,False,True,False,False,False,False,False,False,False,False,False,False,False,False,False,False,False,False,False,False
Vehicle_11,8565218,57,False,False,False,False,False,False,False,False,False,True,True,True,True,True,False,False,False,False,False,False,False,False,False,False,False,False,True,False,True,True,False,False
Vehicle_11,8565218,58,False,False,False,False,False,False,False,False,False,True,False,True,False,True,False,False,False,False,False,False,False,False,False,False,False,False,False,False,False,False,False,False
Vehicle_11,8565218,59,False,False,False,False,False,False,False,False,False,True,True,True,True,False,True,True,False,False,False,False,False,False,False,False,False,False,True,False,True,False,True,True
Vehicle_11,8565218,60,False,True,False,False,False,False,False,False,False,True,False,False,False,True,True,True,False,True,False,False,False,False,False,False,False,False,False,False,False,True,True,True
Vehicle_11,8565218,61,False,True,False,False,False,False,False,False,False,True,True,True,True,True,True,True,False,True,False,False,False,False,False,False,False,False,True,False,True,False,True,True
Vehicle_11,8565218,62,False,False,False,False,False,False,False,False,False,True,True,True,False,True,True,True,False,False,False,False,False,False,False,False,False,False,True,True,False,False,True,True
Vehicle_11,8565218,63,False,False,False,False,False,False,False,False,False,True,True,False,False,False,True,False,False,False,False,False,False,False,False,False,False,False,True,False,False,False,True,False
Vehicle_11,8565218,64,False,False,False,False,False,False,False,False,False,True,True,True,False,True,True,True,False,False,False,False,False,False,False,False,False,False,True,True,False,True,True,True
Vehicle_11,8565218,65,False,False,False,False,False,False,False,False,False,True,False,True,False,True,False,False,False,False,False,False,False,False,False,False,False,False,False,False,False,True,False,False
Vehicle_11,8565218,66,False,False,False,False,False,False,False,False,False,True,False,True,False,True,False,False,False,False,False,False,False,False,False,False,False,False,False,False,False,False,False,False
Vehicle_11,8565218,67,False,False,False,False,False,False,False,False,False,True,False,True,False,True,False,False,False,False,False,False,False,False,False,False,False,False,False,True,False,True,False,False
Vehicle_11,8565218,68,False,False,False,False,False,False,False,False,True,True,True,True,False,True,False,False,False,False,False,False,False,False,False,False,True,False,True,True,False,True,False,False
Vehicle_11,8565218,69,False,True,False,False,False,False,False,False,False,True,True,True,False,True,True,True,False,True,False,False,False,False,False,False,False,False,False,True,False,True,True,True
Vehicle_11,8565218,70,False,False,False,False,False,False,False,False,False,True,False,False,True,True,False,False,False,False,False,False,False,False,False,False,False,False,False,False,True,False,False,False
Vehicle_11,8565218,71,False,False,False,False,False,False,False,False,False,True,False,False,False,True,False,False,False,False,False,False,False,False,False,False,False,False,False,False,False,False,False,False
Vehicle_11,8565218,72,False,False,False,False,False,False,False,False,False,True,False,False,False,False,True,False,False,False,False,False,False,False,False,False,False,False,False,False,False,False,True,False
Vehicle_11,8565218,73,False,False,False,False,False,False,False,False,False,True,False,False,False,True,False,False,False,False,False,False,False,False,False,False,False,False,False,False,False,True,False,False
Vehicle_11,8565218,74,False,True,False,False,False,False,False,False,False,True,False,False,False,True,False,False,False,True,False,False,False,False,False,False,False,False,False,False,False,True,False,False
Vehicle_11,8565218,75,False,False,False,False,False,False,False,False,False,True,False,True,False,True,False,False,False,False,False,False,False,False,False,False,False,False,False,False,False,True,False,False
Vehicle_11,8565218,76,False,False,False,False,False,False,False,False,False,True,True,True,False,True,False,False,False,False,False,False,False,False,False,False,False,False,True,True,False,True,False,False
Vehicle_11,8565218,77,False,False,False,False,False,False,False,False,False,True,True,True,False,False,False,False,False,False,False,False,False,False,False,False,False,False,True,True,False,False,False,False
Vehicle_11,8565218,78,False,False,False,False,False,False,False,False,False,True,False,True,False,True,True,False,False,False,False,False,False,False,False,False,False,False,False,True,False,True,True,False
Vehicle_11,8565218,79,False,True,False,False,False,False,False,False,True,True,False,False,False,True,True,True,False,True,False,False,False,False,False,False,True,False,False,False,False,False,True,True
Vehicle_11,8565218,80,False,True,True,True,False,False,False,False,True,True,True,True,False,False,False,False,False,True,True,True,False,False,False,False,True,False,True,True,False,False,False,False
Vehicle_11,8565218,81,True,False,True,True,False,True,True,False,True,True,True,True,True,True,True,True,True,False,False,False,False,True,True,False,False,False,True,True,True,True,True,True
Vehicle_11,8565218,82,True,True,True,True,False,False,False,False,True,True,True,False,False,False,True,False,True,True,False,False,False,False,False,False,True,False,False,False,False,False,True,False
Vehicle_11,8565218,83,False,True,True,True,False,False,True,False,False,True,True,False,True,False,True,False,False,True,False,False,False,False,True,False,False,False,False,False,True,False,True,False
Vehicle_11,8565218,84,True,True,True,True,False,True,True,False,True,True,True,True,True,True,False,False,True,True,True,True,False,True,True,False,True,False,True,True,True,False,False,False
Vehicle_11,8565218,85,True,False,False,True,False,False,True,False,True,True,True,True,True,True,False,False,True,False,False,False,False,False,True,False,True,False,False,False,True,False,False,False
Vehicle_11,8565218,86,False,False,False,False,False,False,True,False,True,True,True,True,True,True,False,False,False,False,False,False,False,False,True,False,True,False,True,False,True,False,False,False
Vehicle_11,8565218,87,False,True,True,True,False,False,False,False,True,True,True,True,False,True,False,False,False,True,True,False,False,False,False,False,True,False,False,False,False,False,False,False
Vehicle_11,8565218,88,False,False,False,False,False,False,False,False,True,True,True,True,True,True,False,False,False,False,False,False,False,False,False,False,True,False,False,True,True,False,False,False
Vehicle_11,8565218,89,False,False,True,True,False,False,False,False,False,True,True,True,False,True,True,True,False,False,True,True,False,False,False,False,False,False,True,False,False,False,True,True
Vehicle_11,8565218,90,False,False,False,False,False,False,False,False,False,True,False,False,False,False,True,True,False,False,False,False,False,False,False,False,False,False,False,False,False,False,True,True
Vehicle_11,8565218,91,False,True,False,False,False,False,False,False,False,True,False,False,False,False,False,False,False,True,False,False,False,False,False,False,False,False,False,False,False,False,False,False
Vehicle_11,8565218,92,False,False,False,False,False,False,False,False,False,True,False,True,False,True,False,False,False,False,False,False,False,False,False,False,False,False,False,True,False,True,False,False
Vehicle_11,8565218,93,False,False,True,True,False,True,True,False,True,True,True,True,False,True,True,False,False,False,True,True,False,True,True,False,True,False,True,True,False,True,True,False
Vehicle_11,8565218,94,False,True,False,True,False,False,False,False,False,True,True,False,False,True,True,False,False,True,False,True,False,False,False,False,False,False,True,False,False,True,True,False
Vehicle_11,8565218,95,False,False,False,False,False,False,False,False,False,True,False,False,False,True,True,True,False,False,False,False,False,False,False,False,False,False,False,False,False,True,False,True
Vehicle_11,8565218,96,False,False,False,False,False,False,False,False,False,True,False,False,False,False,True,False,False,False,False,False,False,False,False,False,False,False,False,False,False,False,True,False
Vehicle_11,8565218,97,False,True,False,False,False,False,False,False,False,True,False,False,False,False,True,False,False,True,False,False,False,False,False,False,False,False,False,False,False,False,True,False
Vehicle_11,8565218,98,False,True,False,False,False,False,False,False,True,True,True,True,False,True,False,False,False,True,False,False,False,False,False,False,True,False,True,True,False,True,False,False
Vehicle_11,8565218,99,False,True,False,False,False,False,False,False,False,True,False,False,False,True,False,False,False,False,False,False,False,False,False,False,False,False,False,False,False,True,False,False
Vehicle_11,8565218,100,False,False,False,False,False,False,False,False,False,True,False,False,False,False,False,False,False,False,False,False,False,False,False,False,False,False,False,False,False,False,False,False
Vehicle_11,8565218,101,False,False,False,False,False,False,False,False,False,True,True,True,False,False,True,False,False,False,False,False,False,False,False,False,False,False,True,True,False,False,True,False
Vehicle_11,8565218,102,False,False,False,False,False,False,False,False,False,True,False,True,False,True,False,False,False,False,False,False,False,False,False,False,False,False,False,False,False,True,False,False
Vehicle_11,8565218,103,False,False,False,False,False,False,False,False,False,True,False,True,False,True,True,True,False,False,False,False,False,False,False,False,False,False,False,True,False,True,True,True
Vehicle_11,8565218,104,False,False,False,False,False,False,False,False,False,True,False,False,False,True,False,True,False,False,False,False,False,False,False,False,False,False,False,False,False,True,False,True
Vehicle_11,8565218,105,False,False,False,False,False,False,False,False,False,True,False,False,False,False,True,True,False,False,False,False,False,False,False,False,False,False,False,False,False,False,True,True
Vehicle_11,8565218,106,False,False,False,False,False,False,False,False,True,True,False,False,False,False,True,False,False,False,False,False,False,False,False,False,True,False,False,False,False,False,True,False
Vehicle_11,8565218,107,False,False,False,False,False,False,False,False,False,True,False,False,False,False,True,True,False,False,False,False,False,False,False,False,False,False,False,False,False,False,True,True
Vehicle_11,8565218,108,False,False,False,False,False,False,False,False,False,True,False,False,False,True,False,False,False,False,False,False,False,False,False,False,False,False,False,False,False,True,False,False
Vehicle_11,8565218,109,False,False,False,False,False,False,False,False,False,True,False,False,False,False,False,False,False,False,False,False,False,False,False,False,False,False,False,False,False,False,False,False
Vehicle_11,8565218,110,False,False,False,False,False,False,False,False,False,True,False,False,False,False,False,False,False,False,False,False,False,False,False,False,False,False,False,False,False,False,False,False
Vehicle_11,8565218,111,False,True,False,False,False,False,False,True,False,True,False,True,False,True,True,True,False,True,False,False,False,False,False,True,False,False,False,True,False,True,True,True
Vehicle_11,8565218,112,False,False,False,False,False,False,True,False,False,True,True,True,True,True,True,True,False,False,False,False,False,False,True,False,False,False,True,True,True,True,True,True
Vehicle_11,8565218,113,False,True,False,True,False,False,False,False,True,True,False,True,False,True,False,False,False,True,False,True,False,False,False,False,True,False,False,True,False,True,False,False
Vehicle_11,8565218,114,False,True,False,False,False,True,True,False,False,True,False,True,True,True,True,True,False,True,False,False,False,True,True,False,False,False,False,False,True,True,True,True
Vehicle_11,8565218,115,False,True,False,False,False,False,False,False,False,True,False,False,False,True,True,True,False,False,False,False,False,False,False,False,False,False,False,False,False,True,False,True
Vehicle_11,8565218,116,False,True,False,True,True,False,False,False,False,True,False,False,False,False,True,True,False,False,False,True,True,False,False,False,False,False,False,False,False,False,True,True
Vehicle_11,8565218,117,False,True,True,True,False,False,False,False,False,True,False,False,False,False,True,True,False,False,True,True,False,False,False,False,False,False,False,False,False,False,False,True
Vehicle_11,8565218,118,False,True,False,False,False,False,False,False,False,True,True,True,False,True,True,True,False,False,False,False,False,False,False,False,False,False,True,True,False,True,False,False
Vehicle_11,8565218,119,False,True,False,True,False,False,False,False,False,True,True,True,False,True,True,True,False,False,False,True,False,False,False,False,False,False,True,True,False,True,True,True
Vehicle_11,8565218,120,False,True,False,False,False,False,False,False,False,True,True,True,False,True,True,True,False,False,False,False,False,False,False,False,False,False,True,True,False,True,True,True
Vehicle_11,8565218,121,False,True,False,False,False,False,False,False,False,True,True,True,False,True,True,True,False,False,False,False,False,False,False,False,False,False,True,False,False,False,False,True
Vehicle_11,8565218,122,False,False,False,False,False,False,False,False,False,True,False,True,False,True,False,True,False,False,False,False,False,False,False,False,False,False,False,True,False,True,False,True
Vehicle_11,8565218,123,False,False,False,False,False,False,False,False,False,True,False,False,False,False,False,False,False,False,False,False,False,False,False,False,False,False,False,False,False,False,False,False
Vehicle_11,8565218,124,False,False,False,False,False,False,False,False,False,True,False,False,False,False,False,False,False,False,False,False,False,False,False,False,False,False,False,False,False,False,False,False
Vehicle_11,8565218,125,False,False,False,False,False,False,True,False,False,True,False,False,False,False,True,True,False,False,False,False,False,False,True,False,False,False,False,False,False,False,True,True
Vehicle_11,8565218,126,False,False,False,False,False,True,True,False,False,True,False,False,True,False,True,True,False,False,False,False,False,True,True,False,False,False,False,False,True,False,True,True
Vehicle_11,8565218,127,False,True,False,False,False,False,False,False,False,True,True,False,False,False,False,False,False,True,False,False,False,False,False,False,False,False,True,False,False,False,False,False
Vehicle_11,8565218,128,False,False,False,False,False,False,False,False,False,True,False,True,False,False,True,True,False,False,False,False,False,False,False,False,False,False,False,True,False,False,True,True
Vehicle_11,8565218,129,False,True,False,False,False,False,False,False,False,True,False,False,False,False,True,False,False,False,False,False,False,False,False,False,False,False,False,False,False,False,True,False
Vehicle_11,8565218,130,False,True,True,True,False,True,True,False,True,True,True,True,True,True,True,False,False,False,True,True,False,True,True,False,True,False,True,True,True,True,True,False
Vehicle_11,8565218,131,True,True,True,True,False,False,False,False,False,True,True,True,False,True,False,False,True,False,False,False,False,False,False,False,False,False,True,False,False,False,False,False
Vehicle_11,8565218,132,False,True,False,False,False,False,False,False,True,True,True,True,False,True,True,True,False,True,False,False,False,False,False,False,False,False,True,False,False,True,True,True
Vehicle_11,8565218,133,False,True,True,True,False,False,False,False,False,True,True,True,True,True,False,False,False,True,True,True,False,False,False,False,False,False,True,False,True,False,False,False
Vehicle_11,8565218,134,False,False,False,False,False,False,False,False,True,True,False,False,False,True,False,False,False,False,False,False,False,False,False,False,True,False,False,False,False,False,False,False
Vehicle_11,8565218,135,False,False,False,False,False,False,False,False,True,True,True,True,False,False,False,False,False,False,False,False,False,False,False,False,True,False,False,False,False,False,False,False
Vehicle_11,8565218,136,False,False,False,True,False,False,False,False,True,True,True,False,False,True,False,False,False,False,False,True,False,False,False,False,True,False,True,False,False,False,False,False
Vehicle_11,8565218,137,False,True,False,True,False,False,False,False,False,True,True,True,True,True,False,False,False,True,False,True,False,False,False,False,False,False,False,False,True,False,False,False
Vehicle_11,8565218,138,False,False,False,False,False,False,False,False,False,True,False,False,False,False,False,False,False,False,False,False,False,False,False,False,False,False,False,False,False,False,False,False
Vehicle_11,8565218,139,False,False,False,True,False,False,False,False,True,True,False,True,False,True,False,False,False,False,False,True,False,False,False,False,True,False,False,False,False,False,False,False
Vehicle_11,8565218,140,False,False,False,True,False,False,False,False,True,True,True,True,False,True,False,False,False,False,False,True,False,False,False,False,True,False,False,True,False,False,False,False
Vehicle_11,8565218,141,True,False,True,True,False,False,False,False,True,True,True,True,False,True,False,False,True,False,True,True,False,False,False,False,False,False,True,False,False,False,False,False
Vehicle_11,8565218,142,False,False,False,True,False,True,True,False,True,True,False,True,True,True,False,False,False,False,False,False,False,True,True,False,False,False,False,False,True,False,False,False
Vehicle_11,8565218,143,False,False,False,False,False,False,False,False,True,True,False,True,True,True,False,False,False,False,False,False,False,False,False,False,True,False,False,False,True,False,False,False
Vehicle_11,8565218,144,False,False,True,True,False,False,False,False,True,True,True,True,True,True,True,True,False,False,False,False,False,False,False,False,True,False,True,False,True,False,True,True
Vehicle_11,8565218,145,False,False,False,False,False,False,False,False,False,True,True,True,False,True,False,False,False,False,False,False,False,False,False,False,False,False,True,True,False,True,False,False
Vehicle_11,8565218,146,False,False,False,False,False,False,False,False,False,True,True,False,False,True,True,True,False,False,False,False,False,False,False,False,False,False,True,False,False,True,True,True
Vehicle_11,8565218,147,False,True,False,False,False,False,False,False,False,True,False,False,False,False,False,False,False,True,False,False,False,False,False,False,False,False,False,False,False,False,False,False
Vehicle_11,8565218,148,False,False,False,False,False,False,False,False,False,True,False,False,False,True,False,False,False,False,False,False,False,False,False,False,False,False,False,False,False,True,False,False
Vehicle_11,8565218,149,False,False,False,False,False,False,False,False,False,True,False,False,False,False,False,False,False,False,False,False,False,False,False,False,False,False,False,False,False,False,False,False
Vehicle_11,8565218,150,False,False,False,False,False,False,False,False,False,True,False,True,True,True,False,False,False,False,False,False,False,False,False,False,False,False,False,False,True,True,False,False
Vehicle_11,8565218,151,False,False,False,False,False,False,False,False,False,True,True,True,False,True,True,True,False,False,False,False,False,False,False,False,False,False,True,False,False,False,True,True
Vehicle_11,8565218,152,False,True,False,False,False,False,False,False,False,True,False,True,False,True,False,False,False,True,False,False,False,False,False,False,False,False,False,True,False,False,False,False
Vehicle_11,8565218,153,False,True,False,False,False,False,False,False,False,True,True,True,False,True,True,True,False,True,False,False,False,False,False,False,False,False,True,True,False,True,True,True
Vehicle_11,8565218,154,False,True,False,False,False,False,False,False,False,True,True,True,False,True,False,False,False,True,False,False,False,False,False,False,False,False,False,False,False,False,False,False
Vehicle_11,8565218,155,False,True,False,False,False,False,False,False,False,True,True,False,False,False,False,False,False,False,False,False,False,False,False,False,False,False,True,False,False,False,False,False
Vehicle_11,8565218,156,False,True,False,False,False,False,True,False,False,True,False,False,True,False,True,True,False,True,False,False,False,False,True,False,False,False,False,False,True,False,True,True
Vehicle_11,8565218,157,False,True,False,False,False,False,False,False,False,True,False,False,False,False,False,False,False,True,False,False,False,False,False,False,False,False,False,False,False,False,False,False
Vehicle_11,8565218,158,False,True,False,False,False,False,False,False,False,True,False,False,True,False,True,True,False,True,False,False,False,False,False,False,False,False,False,False,True,False,True,True
Vehicle_11,8565218,159,False,True,False,False,False,False,False,False,False,True,False,False,False,False,False,False,False,False,False,False,False,False,False,False,False,False,False,False,False,False,False,False
Vehicle_11,8565218,160,False,True,False,False,False,False,False,False,False,True,False,False,False,True,False,False,False,True,False,False,False,False,False,False,False,False,False,False,False,True,False,False
Vehicle_11,8565218,161,False,False,False,False,False,False,False,False,False,True,False,False,False,True,True,True,False,False,False,False,False,False,False,False,False,False,False,False,False,False,True,True
Vehicle_11,8565218,162,False,False,False,False,False,False,False,False,False,True,True,True,True,True,True,True,False,False,False,False,False,False,False,False,False,False,True,False,True,False,False,True
Vehicle_11,8565218,163,False,True,False,False,False,False,False,False,False,True,False,False,False,True,False,False,False,True,False,False,False,False,False,False,False,False,False,False,False,False,False,False
Vehicle_11,8565218,164,False,True,True,True,False,False,False,False,True,True,True,True,False,True,False,False,False,True,True,True,False,False,False,False,True,False,True,True,False,True,False,False
Vehicle_11,8565218,165,False,True,False,False,False,False,False,False,False,True,True,False,False,False,True,True,False,False,False,False,False,False,False,False,False,False,True,False,False,False,True,True
Vehicle_11,8565218,166,False,True,False,False,False,False,False,False,False,True,False,False,False,False,True,True,False,False,False,False,False,False,False,False,False,False,False,False,False,False,True,True
Vehicle_11,8565218,167,False,True,False,False,False,False,False,False,False,True,False,False,False,False,True,True,False,False,False,False,False,False,False,False,False,False,False,False,False,False,True,True
Vehicle_11,8565218,168,False,True,True,True,False,False,False,False,False,True,True,False,False,False,True,True,False,False,True,True,False,False,False,False,False,False,True,False,False,False,True,True
Vehicle_11,8565218,169,False,True,False,False,False,False,False,False,False,True,False,False,False,False,False,True,False,True,False,False,False,False,False,False,False,False,False,False,False,False,False,True
Vehicle_11,8565218,170,False,True,False,False,False,False,False,False,False,True,False,True,True,True,False,False,False,False,False,False,False,False,False,False,False,False,False,True,True,True,False,False
Vehicle_11,8565218,171,False,True,False,False,False,False,False,False,False,True,False,True,False,True,True,True,False,True,False,False,False,False,False,False,False,False,False,False,False,True,True,True
Vehicle_11,8565218,172,False,True,False,False,False,False,False,False,False,True,False,True,True,False,False,True,False,True,False,False,False,False,False,False,False,False,False,False,True,False,False,True
Vehicle_11,8565218,173,False,True,False,False,False,False,False,False,True,True,False,True,True,True,False,True,False,True,False,False,False,False,False,False,True,False,False,True,True,True,False,True
Vehicle_11,8565218,174,False,False,False,False,False,False,False,False,False,True,False,True,True,True,True,True,False,False,False,False,False,False,False,False,False,False,False,True,True,True,True,True
Vehicle_11,8565218,175,False,True,False,False,False,False,False,False,False,True,False,False,False,True,True,True,False,True,False,False,False,False,False,False,False,False,False,False,False,True,True,True
Vehicle_11,8565218,176,False,True,False,False,False,False,False,False,False,True,False,True,False,True,False,False,False,True,False,False,False,False,False,False,False,False,False,True,False,True,False,False
Vehicle_11,8565218,177,False,True,False,False,True,False,False,False,False,True,False,True,False,True,False,False,False,True,False,False,True,False,False,False,False,False,False,False,False,True,False,False
Vehicle_11,8565218,178,False,False,False,False,True,False,False,False,False,True,False,False,False,True,False,False,False,False,False,False,True,False,False,False,False,False,False,False,False,True,False,False
Vehicle_11,8565218,179,False,False,False,False,True,False,False,False,False,True,False,True,True,True,True,False,False,False,False,False,True,False,False,False,False,False,False,True,True,True,True,False
Vehicle_11,8565218,180,False,False,False,False,True,False,False,False,False,True,False,True,False,True,True,False,False,False,False,False,True,False,False,False,False,False,False,True,False,False,True,False
Vehicle_11,8565218,181,False,False,False,False,False,True,True,False,False,True,False,True,False,False,True,False,False,False,False,False,False,True,True,False,False,False,False,True,False,False,False,False
Vehicle_11,8565218,182,False,False,False,False,False,False,True,False,False,True,False,True,True,True,False,False,False,False,False,False,False,False,True,False,False,False,False,False,False,False,False,False
Vehicle_11,8565218,183,False,True,False,False,False,False,False,False,False,True,False,False,True,False,True,False,False,True,False,False,False,False,False,False,False,False,False,False,True,False,True,False
Vehicle_11,8565218,184,False,False,False,False,False,False,False,False,False,True,False,True,False,True,True,True,False,False,False,False,False,False,False,False,False,False,False,True,False,True,True,True
Vehicle_11,8565218,185,False,False,False,False,False,False,False,False,False,True,False,True,False,True,False,False,False,False,False,False,False,False,False,False,False,False,False,False,False,True,False,False
Vehicle_11,8565218,186,False,True,False,False,False,False,False,False,False,True,False,False,False,False,False,False,False,True,False,False,False,False,False,False,False,False,False,False,False,False,False,False
Vehicle_11,8565218,187,False,False,False,False,False,False,False,False,False,True,False,False,False,True,True,True,False,False,False,False,False,False,False,False,False,False,False,False,False,True,True,True
Vehicle_11,8565218,188,False,False,False,False,False,False,False,False,False,True,False,False,False,True,False,False,False,False,False,False,False,False,False,False,False,False,False,False,False,True,False,False
Vehicle_11,8565218,189,False,False,False,False,False,False,False,False,False,True,False,True,True,True,True,True,False,False,False,False,False,False,False,False,False,False,False,True,True,True,True,True
Vehicle_11,8565218,190,False,True,False,False,False,False,False,False,False,True,False,True,True,True,True,True,False,True,False,False,False,False,False,False,False,False,False,True,True,True,False,True
Vehicle_11,8565218,191,False,True,False,False,False,False,False,False,False,True,True,False,True,True,True,False,False,True,False,False,False,False,False,False,False,False,True,False,True,False,True,False
Vehicle_11,8565218,192,False,True,True,False,False,False,False,False,False,True,True,True,False,True,True,True,False,True,True,False,False,False,False,False,False,False,True,True,False,False,True,True
Vehicle_11,8565218,193,False,True,False,False,True,False,False,False,False,True,True,True,True,True,True,True,False,True,False,False,True,False,False,False,False,False,True,True,False,True,True,False
Vehicle_11,8565218,194,False,False,False,False,False,False,False,False,True,True,False,True,False,True,True,True,False,False,False,False,False,False,False,False,True,False,False,True,False,True,True,True
Vehicle_11,8565218,195,False,True,True,True,False,False,False,False,True,True,True,True,True,True,True,True,False,False,True,True,False,False,False,False,True,False,True,True,True,True,True,True
Vehicle_11,8565218,196,False,True,False,False,False,False,False,False,False,True,True,False,True,True,True,True,False,False,False,False,False,False,False,False,False,False,True,False,True,False,False,False
Vehicle_11,8565218,197,True,True,True,True,False,False,False,False,False,True,True,False,True,False,True,True,True,True,True,True,False,False,False,False,False,False,True,False,False,False,True,True
Vehicle_11,8565218,198,False,True,False,False,True,True,True,False,True,True,False,False,True,False,True,True,False,True,False,False,True,True,True,False,True,False,False,False,True,False,False,False
Vehicle_11,8565218,199,True,True,True,True,False,True,True,False,False,True,True,True,True,True,True,True,True,True,True,True,False,True,True,False,False,False,True,True,True,True,False,True
Vehicle_11,8565218,200,False,True,False,False,False,True,False,False,False,True,True,True,False,True,False,False,False,False,False,False,False,True,False,False,False,False,False,True,False,True,False,False
Vehicle_11,8565218,201,False,True,False,False,False,True,True,True,False,True,False,True,False,True,True,True,False,False,False,False,False,True,True,True,False,False,False,True,False,True,True,True
Vehicle_11,8565218,202,False,True,False,False,False,False,False,False,False,True,True,False,False,False,True,True,False,False,False,False,False,False,False,False,False,False,True,False,False,False,False,True
Vehicle_11,8565218,203,False,False,True,True,False,False,False,False,False,True,False,False,True,False,True,True,False,False,True,True,False,False,False,False,False,False,False,False,True,False,True,True
Vehicle_11,8565218,204,False,True,False,False,True,False,False,False,False,True,False,False,False,False,True,True,False,False,False,False,True,False,False,False,False,False,False,False,False,False,False,True
Vehicle_11,8565218,205,False,True,False,False,False,False,False,False,False,True,False,False,False,False,True,True,False,False,False,False,False,False,False,False,False,False,False,False,False,False,False,True
Vehicle_11,8565218,206,False,True,False,False,False,False,False,False,False,True,False,False,False,False,True,True,False,False,False,False,False,False,False,False,False,False,False,False,False,False,False,True
Vehicle_11,8565218,207,False,False,False,False,False,False,False,False,False,True,True,True,True,True,True,True,False,False,False,False,False,False,False,False,False,False,True,True,True,True,True,True
Vehicle_11,8565218,208,False,True,False,False,False,False,False,False,False,True,True,True,True,True,True,False,False,False,False,False,False,False,False,False,False,False,False,False,True,True,True,False
Vehicle_11,8565218,209,False,True,False,False,False,False,False,False,False,True,True,True,True,True,True,True,False,False,False,False,False,False,False,False,False,False,True,True,False,False,True,True
Vehicle_11,8565218,210,False,True,False,False,False,False,False,False,True,True,True,True,False,True,True,True,False,True,False,False,False,False,False,False,True,False,True,True,False,True,True,True
Vehicle_11,8565218,211,True,True,False,False,False,False,False,True,False,True,False,True,False,True,True,False,True,True,False,False,False,False,False,True,False,False,False,True,False,True,True,False
Vehicle_11,8565218,212,False,True,False,False,False,True,True,False,False,True,True,True,True,True,True,True,False,False,False,False,False,True,True,False,False,False,True,True,True,True,True,True
Vehicle_11,8565218,213,False,True,True,True,False,False,False,False,True,True,True,True,False,True,True,True,False,False,True,True,False,False,False,False,True,False,True,True,False,True,False,False
Vehicle_11,8565218,214,False,False,True,True,False,False,False,False,False,True,True,True,False,True,True,True,False,False,True,True,False,False,False,False,False,False,True,True,False,False,False,False
Vehicle_11,8565218,215,False,True,False,False,False,False,False,False,False,True,False,False,False,False,True,True,False,False,False,False,False,False,False,False,False,False,False,False,False,False,True,True
Vehicle_11,8565218,216,False,True,False,False,True,False,False,False,False,True,False,True,True,True,True,True,False,False,False,False,True,False,False,False,False,False,False,True,True,True,True,True
Vehicle_11,8565218,217,False,True,True,False,False,False,True,False,False,True,False,True,False,True,True,True,False,False,True,False,False,False,True,False,False,False,False,True,False,False,False,True
Vehicle_11,8565218,218,False,True,False,False,False,False,False,False,False,True,False,False,False,False,True,False,False,False,False,False,False,False,False,False,False,False,False,False,False,False,True,False
Vehicle_11,8565218,219,False,False,False,False,False,False,True,True,False,True,True,True,False,True,True,True,False,False,False,False,False,False,True,True,False,False,True,True,False,True,True,True
Vehicle_11,8565218,220,False,True,False,False,False,False,False,False,False,True,True,False,False,False,False,False,False,False,False,False,False,False,False,False,False,False,True,False,False,False,False,False
Vehicle_11,8565218,221,False,True,False,False,False,True,True,False,False,True,False,False,True,False,True,True,False,False,False,False,False,True,True,False,False,False,False,False,True,False,True,True
Vehicle_11,8565218,222,False,True,False,False,False,False,False,False,False,True,False,False,False,False,True,True,False,False,False,False,False,False,False,False,False,False,False,False,False,False,False,False
Vehicle_11,8565218,223,False,True,False,False,False,True,True,False,False,True,False,False,False,False,True,True,False,False,False,False,False,True,True,False,False,False,False,False,False,False,False,True
Vehicle_11,8565218,224,False,True,False,True,True,False,False,False,True,True,False,True,True,True,True,True,False,True,False,True,True,False,False,False,True,False,False,True,True,True,False,False
Vehicle_11,8565218,225,False,True,True,True,True,True,True,False,True,True,False,False,True,False,True,True,False,False,True,False,True,True,True,False,True,False,False,False,True,False,False,True
Vehicle_11,8565218,226,False,True,True,True,False,False,True,False,False,True,True,False,False,False,False,True,False,True,True,True,False,False,True,False,False,False,True,False,False,False,False,False
Vehicle_11,8565218,227,False,False,False,True,True,False,False,False,False,True,True,False,False,False,True,True,False,False,False,True,True,False,False,False,False,False,False,False,False,False,False,True
Vehicle_11,8565218,228,False,True,False,True,True,False,False,False,False,True,True,True,False,True,True,False,False,True,False,True,True,False,False,False,False,False,True,True,False,True,True,False
Vehicle_11,8565218,229,False,True,True,True,True,False,False,False,False,True,False,False,False,False,True,True,False,False,True,True,True,False,False,False,False,False,False,False,False,False,False,True
Vehicle_11,8565218,230,False,True,False,False,False,False,False,False,False,True,False,True,False,False,True,False,False,True,False,False,False,False,False,False,False,False,False,True,False,False,False,False
Vehicle_11,8565218,231,False,True,False,False,False,False,False,False,False,True,False,False,False,False,False,False,False,True,False,False,False,False,False,False,False,False,False,False,False,False,False,False
Vehicle_11,8565218,232,False,True,False,True,False,False,False,False,False,True,False,False,False,False,True,True,False,True,False,True,False,False,False,False,False,False,False,False,False,False,True,True
Vehicle_11,8565218,233,False,True,False,False,False,False,False,False,False,True,True,False,False,False,False,True,False,True,False,False,False,False,False,False,False,False,True,False,False,False,False,True
Vehicle_11,8565218,234,False,False,False,False,False,False,False,False,False,True,False,False,False,False,True,True,False,False,False,False,False,False,False,False,False,False,False,False,False,False,False,False
Vehicle_11,8565218,235,False,True,False,False,False,False,False,False,False,True,False,False,False,False,True,True,False,True,False,False,False,False,False,False,False,False,False,False,False,False,True,True
Vehicle_11,8565218,236,False,True,False,False,False,False,False,False,True,True,False,False,False,False,True,True,False,False,False,False,False,False,False,False,True,False,False,False,False,False,False,True
Vehicle_11,8565218,237,False,True,False,False,False,False,False,True,False,True,False,True,False,False,True,True,False,False,False,False,False,False,False,True,False,False,False,False,False,False,True,True
Vehicle_11,8565218,238,False,True,True,True,True,False,False,False,True,True,True,True,False,True,True,True,False,False,True,True,True,False,False,False,True,False,True,True,False,True,False,True
Vehicle_11,8565218,239,False,True,True,True,True,False,False,False,False,True,False,True,False,False,True,True,False,False,True,True,True,False,False,False,False,False,False,False,False,False,False,True
Vehicle_11,8565218,240,False,True,False,False,False,True,True,False,True,True,False,True,True,True,True,True,False,False,False,False,False,True,True,False,True,False,False,True,True,True,True,True
Vehicle_11,8565218,241,False,True,False,False,False,False,False,False,False,True,False,False,False,False,True,True,False,False,False,False,False,False,False,False,False,False,False,False,False,False,True,True
Vehicle_11,8565218,242,True,True,False,False,False,True,True,False,True,True,False,False,False,False,True,True,True,False,False,False,False,True,True,False,True,False,False,False,False,False,False,True
Vehicle_11,8565218,243,False,True,False,False,True,False,False,False,False,True,False,True,True,True,True,False,False,False,False,False,True,False,False,False,False,False,False,True,True,True,True,False
Vehicle_11,8565218,244,False,True,False,False,False,False,False,False,False,True,False,True,True,True,True,False,False,True,False,False,False,False,False,False,False,False,False,True,False,False,False,False
Vehicle_11,8565218,245,False,True,False,False,False,False,False,False,False,True,False,False,False,False,True,True,False,True,False,False,False,False,False,False,False,False,False,False,False,False,True,True
Vehicle_11,8565218,246,False,True,False,False,False,False,False,False,False,True,False,False,False,False,True,True,False,True,False,False,False,False,False,False,False,False,False,False,False,False,True,True
Vehicle_11,8565218,247,False,False,False,False,False,False,False,False,False,True,False,True,False,False,False,True,False,False,False,False,False,False,False,False,False,False,False,True,False,False,False,True
Vehicle_11,8565218,248,False,True,False,False,False,True,True,False,False,True,True,False,True,True,False,False,False,True,False,False,False,True,True,False,False,False,True,False,True,True,False,False
Vehicle_11,8565218,249,False,True,False,True,False,True,False,False,False,True,True,False,False,False,True,True,False,True,False,True,False,True,False,False,False,False,True,False,False,False,False,False
Vehicle_11,8565218,250,False,True,True,True,False,False,False,False,True,True,True,True,False,True,True,True,False,False,True,True,False,False,False,False,True,False,True,True,False,True,True,True
Vehicle_11,8565218,251,False,True,True,True,False,True,True,False,False,True,True,False,True,False,False,True,False,False,True,True,False,True,True,False,False,False,False,False,True,False,False,False
Vehicle_11,8565218,252,True,True,True,True,False,False,False,True,True,True,True,True,False,True,False,False,True,False,True,True,False,False,False,True,True,False,True,True,False,True,False,False
Vehicle_11,8565218,253,False,True,False,False,False,False,False,False,True,True,False,False,False,False,True,False,False,False,False,False,False,False,False,False,False,False,False,False,False,False,False,False
Vehicle_11,8565218,254,False,True,False,False,False,False,False,False,False,True,False,False,False,False,True,True,False,True,False,False,False,False,False,False,False,False,False,False,False,False,True,True
Vehicle_11,8565218,255,False,True,False,False,False,False,False,False,False,True,False,False,False,False,True,True,False,False,False,False,False,False,False,False,False,False,False,False,False,False,False,False
Vehicle_11,8565218,256,False,True,True,True,False,True,True,False,False,True,True,False,False,False,True,True,False,False,True,True,False,True,True,False,False,False,True,False,False,False,True,True
Vehicle_11,8565218,257,False,False,False,False,False,True,True,False,True,True,False,True,True,True,False,True,False,False,False,False,False,True,True,False,True,False,False,True,True,True,False,False
Vehicle_11,8565218,258,True,True,False,False,False,True,True,False,True,True,False,True,True,True,True,True,True,False,False,False,False,True,True,False,True,False,False,False,True,False,True,False
Vehicle_11,8565218,259,True,False,,,,,,,,,,,,,,,True,False,,,,,,,,,,,,,,
